Island,Clutch Completion,Culmen Length (mm),Culmen Depth (mm),Flipper Length (mm),Body Mass (g),Sex,Delta 15 N (o/oo),Delta 13 C (o/oo),Species
Biscoe,Yes,38.8,17.2,180,3800,MALE,9.63954,-25.29856,Adelie Penguin (Pygoscelis adeliae)
Torgersen,Yes,41.1,18.6,189,3325,MALE,9.32277,-26.09989,Adelie Penguin (Pygoscelis adeliae)
Biscoe,Yes,39,17.5,186,3550,FEMALE,8.57199,-26.07188,Adelie Penguin (Pygoscelis adeliae)
Dream,No,39.7,17.9,193,4250,MALE,9.25769,-25.88798,Adelie Penguin (Pygoscelis adeliae)
Biscoe,Yes,47.5,14.2,209,4600,FEMALE,8.39299,-26.78733,Gentoo penguin (Pygoscelis papua)
Torgersen,Yes,46,21.5,194,4200,MALE,9.11616,-24.77227,Adelie Penguin (Pygoscelis adeliae)
Dream,Yes,49.7,18.6,195,3600,MALE,9.75486,-24.31198,Chinstrap penguin (Pygoscelis antarctica)
Dream,Yes,40.8,18.4,195,3900,MALE,,,Adelie Penguin (Pygoscelis adeliae)
Torgersen,Yes,34.6,21.1,198,4400,MALE,8.55583,-25.22588,Adelie Penguin (Pygoscelis adeliae)
Dream,No,46.7,17.9,195,3300,FEMALE,9.74144,-24.59467,Chinstrap penguin (Pygoscelis antarctica)
Dream,Yes,48.5,17.5,191,3400,MALE,9.42666,-24.26375,Chinstrap penguin (Pygoscelis antarctica)
Torgersen,No,35.9,16.6,190,3050,FEMALE,8.47781,-26.07821,Adelie Penguin (Pygoscelis adeliae)
Torgersen,Yes,34.4,18.4,184,3325,FEMALE,8.47827,-25.23319,Adelie Penguin (Pygoscelis adeliae)
Dream,Yes,41.3,20.3,194,3550,MALE,9.14863,-26.09635,Adelie Penguin (Pygoscelis adeliae)
Dream,Yes,46.8,16.5,189,3650,FEMALE,9.65061,-24.48153,Chinstrap penguin (Pygoscelis antarctica)
Dream,Yes,45.9,17.1,190,3575,FEMALE,9.12277,-24.90024,Chinstrap penguin (Pygoscelis antarctica)
Dream,Yes,40.7,17,190,3725,MALE,9.05674,-25.79529,Adelie Penguin (Pygoscelis adeliae)
Dream,Yes,39.5,17.8,188,3300,FEMALE,9.66523,-25.0602,Adelie Penguin (Pygoscelis adeliae)
Biscoe,Yes,41.6,18,192,3950,MALE,8.85562,-26.09294,Adelie Penguin (Pygoscelis adeliae)
Dream,Yes,45.6,19.4,194,3525,FEMALE,9.46985,-24.65786,Chinstrap penguin (Pygoscelis antarctica)
Biscoe,Yes,34.5,18.1,187,2900,FEMALE,8.41837,-26.54718,Adelie Penguin (Pygoscelis adeliae)
Biscoe,Yes,42.7,18.3,196,4075,MALE,8.91434,-26.42018,Adelie Penguin (Pygoscelis adeliae)
Dream,Yes,38.1,18.6,190,3700,FEMALE,8.10277,-26.50086,Adelie Penguin (Pygoscelis adeliae)
Biscoe,Yes,38.1,16.5,198,3825,FEMALE,8.43951,-26.57563,Adelie Penguin (Pygoscelis adeliae)
Dream,Yes,38.3,19.2,189,3950,MALE,9.07826,-26.12417,Adelie Penguin (Pygoscelis adeliae)
Dream,Yes,42.5,16.7,187,3350,FEMALE,9.36668,-24.45195,Chinstrap penguin (Pygoscelis antarctica)
Torgersen,Yes,42,20.2,190,4250,,9.13362,-25.09368,Adelie Penguin (Pygoscelis adeliae)
Biscoe,Yes,43.6,13.9,217,4900,FEMALE,8.27141,-26.7765,Gentoo penguin (Pygoscelis papua)
Biscoe,Yes,46.8,15.4,215,5150,MALE,8.1631,-25.38017,Gentoo penguin (Pygoscelis papua)
Dream,Yes,39.6,18.1,186,4450,MALE,8.49915,-26.42406,Adelie Penguin (Pygoscelis adeliae)
Biscoe,Yes,49.3,15.7,217,5850,MALE,8.07137,-25.52473,Gentoo penguin (Pygoscelis papua)
Dream,Yes,45.2,17.8,198,3950,FEMALE,8.88942,-24.49433,Chinstrap penguin (Pygoscelis antarctica)
Biscoe,Yes,49.1,14.8,220,5150,FEMALE,7.89744,-26.63405,Gentoo penguin (Pygoscelis papua)
Biscoe,Yes,50.7,15,223,5550,MALE,8.63551,-26.74249,Gentoo penguin (Pygoscelis papua)
Dream,Yes,40.9,18.9,184,3900,MALE,8.79665,-25.14591,Adelie Penguin (Pygoscelis adeliae)
Biscoe,Yes,49.9,16.1,213,5400,MALE,8.3639,-26.15531,Gentoo penguin (Pygoscelis papua)
Biscoe,Yes,47.5,15,218,4950,FEMALE,8.29671,-26.08547,Gentoo penguin (Pygoscelis papua)
Dream,Yes,36.8,18.5,193,3500,FEMALE,8.98705,-25.57647,Adelie Penguin (Pygoscelis adeliae)
Biscoe,Yes,39.7,18.9,184,3550,MALE,8.85699,-25.80208,Adelie Penguin (Pygoscelis adeliae)
Dream,Yes,33.1,16.1,178,2900,FEMALE,9.04218,-26.15775,Adelie Penguin (Pygoscelis adeliae)
Biscoe,No,50.5,15.9,225,5400,MALE,8.65803,-26.57585,Gentoo penguin (Pygoscelis papua)
Torgersen,Yes,40.3,18,195,3250,FEMALE,8.36821,-25.33302,Adelie Penguin (Pygoscelis adeliae)
Biscoe,Yes,48.4,16.3,220,5400,MALE,8.03659,-26.86127,Gentoo penguin (Pygoscelis papua)
Biscoe,Yes,37.7,16,183,3075,FEMALE,9.2151,-26.2253,Adelie Penguin (Pygoscelis adeliae)
Biscoe,Yes,47.2,15.5,215,4975,FEMALE,8.30817,-26.21651,Gentoo penguin (Pygoscelis papua)
Biscoe,Yes,41.4,18.6,191,3700,MALE,8.35396,-26.27853,Adelie Penguin (Pygoscelis adeliae)
Dream,Yes,36.9,18.6,189,3500,FEMALE,8.59147,-26.08165,Adelie Penguin (Pygoscelis adeliae)
Biscoe,Yes,42,19.5,200,4050,MALE,8.48095,-26.3146,Adelie Penguin (Pygoscelis adeliae)
Torgersen,Yes,38.7,19,195,3450,FEMALE,9.18528,-25.06691,Adelie Penguin (Pygoscelis adeliae)
Biscoe,Yes,49.4,15.8,216,4925,MALE,8.03624,-26.06594,Gentoo penguin (Pygoscelis papua)
Dream,Yes,37,16.9,185,3000,FEMALE,9.36392,-25.01745,Adelie Penguin (Pygoscelis adeliae)
Dream,Yes,51.9,19.5,206,3950,MALE,,-23.78767,Chinstrap penguin (Pygoscelis antarctica)
Biscoe,Yes,43.8,13.9,208,4300,FEMALE,8.58319,-26.84415,Gentoo penguin (Pygoscelis papua)
Dream,Yes,50.9,19.1,196,3550,MALE,10.02372,-24.86594,Chinstrap penguin (Pygoscelis antarctica)
Biscoe,Yes,45.7,13.9,214,4400,FEMALE,8.6287,-26.60484,Gentoo penguin (Pygoscelis papua)
Biscoe,Yes,45.2,15.8,215,5300,MALE,8.55868,-26.67799,Gentoo penguin (Pygoscelis papua)
Dream,Yes,36,17.8,195,3450,FEMALE,8.94332,-25.79189,Adelie Penguin (Pygoscelis adeliae)
Biscoe,Yes,48.7,15.7,208,5350,MALE,8.14776,-26.84506,Gentoo penguin (Pygoscelis papua)
Torgersen,Yes,40.2,17,176,3450,FEMALE,9.30722,-25.61039,Adelie Penguin (Pygoscelis adeliae)
Dream,Yes,51.3,19.9,198,3700,MALE,8.79581,-24.36088,Chinstrap penguin (Pygoscelis antarctica)
Biscoe,No,45.5,13.9,210,4200,FEMALE,8.47829,-26.61788,Gentoo penguin (Pygoscelis papua)
Torgersen,Yes,42.8,18.5,195,4250,MALE,8.2993,-26.38986,Adelie Penguin (Pygoscelis adeliae)
Torgersen,Yes,36.6,17.8,185,3700,FEMALE,,,Adelie Penguin (Pygoscelis adeliae)
Dream,Yes,55.8,19.8,207,4000,MALE,9.70465,-24.53494,Chinstrap penguin (Pygoscelis antarctica)
Biscoe,Yes,46.5,14.4,217,4900,FEMALE,8.48789,-26.83006,Gentoo penguin (Pygoscelis papua)
Biscoe,No,42.7,13.7,208,3950,FEMALE,8.14567,-26.59467,Gentoo penguin (Pygoscelis papua)
Dream,Yes,38.8,20,190,3950,MALE,9.18985,-25.12255,Adelie Penguin (Pygoscelis adeliae)
Biscoe,Yes,46.7,15.3,219,5200,MALE,8.22673,-25.4276,Gentoo penguin (Pygoscelis papua)
Dream,No,52,19,197,4150,MALE,9.36799,-24.47142,Chinstrap penguin (Pygoscelis antarctica)
Biscoe,Yes,45.4,14.6,211,4800,FEMALE,8.24515,-25.46782,Gentoo penguin (Pygoscelis papua)
Biscoe,Yes,43.3,13.4,209,4400,FEMALE,8.13643,-25.32176,Gentoo penguin (Pygoscelis papua)
Biscoe,Yes,45.1,14.5,207,5050,FEMALE,7.97408,-25.53768,Gentoo penguin (Pygoscelis papua)
Biscoe,Yes,41,20,203,4725,MALE,9.01079,-26.38085,Adelie Penguin (Pygoscelis adeliae)
Biscoe,Yes,44.9,13.3,213,5100,FEMALE,8.45167,-26.89644,Gentoo penguin (Pygoscelis papua)
Biscoe,Yes,35.5,16.2,195,3350,FEMALE,8.56192,-25.95541,Adelie Penguin (Pygoscelis adeliae)
Dream,Yes,46.4,17.8,191,3700,FEMALE,9.37369,-24.52896,Chinstrap penguin (Pygoscelis antarctica)
Biscoe,Yes,35.7,16.9,185,3150,FEMALE,8.96472,-26.40943,Adelie Penguin (Pygoscelis adeliae)
Torgersen,Yes,38.8,17.6,191,3275,FEMALE,8.88098,-25.89741,Adelie Penguin (Pygoscelis adeliae)
Dream,Yes,51.7,20.3,194,3775,MALE,8.68747,-24.38751,Chinstrap penguin (Pygoscelis antarctica)
Dream,Yes,42.4,17.3,181,3600,FEMALE,9.35138,-24.6879,Chinstrap penguin (Pygoscelis antarctica)
Torgersen,Yes,37.2,19.4,184,3900,MALE,8.3554,-26.44787,Adelie Penguin (Pygoscelis adeliae)
Biscoe,Yes,48.4,14.6,213,5850,MALE,7.8208,-25.48025,Gentoo penguin (Pygoscelis papua)
Torgersen,Yes,37.8,17.3,180,3700,,,,Adelie Penguin (Pygoscelis adeliae)
Biscoe,Yes,49.1,15,228,5500,MALE,8.65914,-25.79203,Gentoo penguin (Pygoscelis papua)
Dream,Yes,39.5,16.7,178,3250,FEMALE,9.69756,-25.11223,Adelie Penguin (Pygoscelis adeliae)
Biscoe,Yes,50,15.9,224,5350,MALE,8.20042,-26.39677,Gentoo penguin (Pygoscelis papua)
Torgersen,Yes,40.6,19,199,4000,MALE,9.22537,-25.60826,Adelie Penguin (Pygoscelis adeliae)
Dream,Yes,36,17.1,187,3700,FEMALE,8.93465,-26.07081,Adelie Penguin (Pygoscelis adeliae)
Dream,Yes,47.6,18.3,195,3850,FEMALE,8.83502,-24.65859,Chinstrap penguin (Pygoscelis antarctica)
Biscoe,Yes,42.9,13.1,215,5000,FEMALE,7.68528,-25.39181,Gentoo penguin (Pygoscelis papua)
Dream,Yes,42.5,17.3,187,3350,FEMALE,9.56534,-24.60882,Chinstrap penguin (Pygoscelis antarctica)
Biscoe,No,47.2,13.7,214,4925,FEMALE,7.99184,-26.20538,Gentoo penguin (Pygoscelis papua)
Dream,Yes,51.3,19.2,193,3650,MALE,9.29078,-24.7557,Chinstrap penguin (Pygoscelis antarctica)
Biscoe,Yes,43.5,14.2,220,4700,FEMALE,8.64931,-26.68867,Gentoo penguin (Pygoscelis papua)
Torgersen,Yes,39.6,17.2,196,3550,FEMALE,8.33524,-26.55351,Adelie Penguin (Pygoscelis adeliae)
Dream,Yes,49.3,19.9,203,4050,MALE,9.88809,-24.59513,Chinstrap penguin (Pygoscelis antarctica)
Dream,No,49.6,18.2,193,3775,MALE,9.4618,-24.70615,Chinstrap penguin (Pygoscelis antarctica)
Biscoe,Yes,47.3,15.3,222,5250,MALE,,,Gentoo penguin (Pygoscelis papua)
Dream,Yes,45.2,16.6,191,3250,FEMALE,9.62357,-24.78984,Chinstrap penguin (Pygoscelis antarctica)
Dream,Yes,50.2,18.8,202,3800,MALE,9.74492,-24.404,Chinstrap penguin (Pygoscelis antarctica)
Biscoe,Yes,37.7,18.7,180,3600,MALE,8.66271,-25.0639,Adelie Penguin (Pygoscelis adeliae)
Biscoe,Yes,47.4,14.6,212,4725,FEMALE,8.19101,-26.24369,Gentoo penguin (Pygoscelis papua)
Biscoe,Yes,39.6,17.7,186,3500,FEMALE,8.46616,-26.12989,Adelie Penguin (Pygoscelis adeliae)
Dream,Yes,52,18.1,201,4050,MALE,9.0233,-24.38933,Chinstrap penguin (Pygoscelis antarctica)
Biscoe,Yes,37.6,19.1,194,3750,MALE,9.108,-25.89677,Adelie Penguin (Pygoscelis adeliae)
Torgersen,Yes,35.2,15.9,186,3050,FEMALE,8.81668,-25.95399,Adelie Penguin (Pygoscelis adeliae)
Biscoe,Yes,46.5,13.5,210,4550,FEMALE,7.9953,-25.32829,Gentoo penguin (Pygoscelis papua)
Biscoe,Yes,46.2,14.9,221,5300,MALE,8.60092,-26.84374,Gentoo penguin (Pygoscelis papua)
Dream,Yes,50.5,19.6,201,4050,MALE,9.8059,-24.7294,Chinstrap penguin (Pygoscelis antarctica)
Biscoe,Yes,46.6,14.2,210,4850,FEMALE,8.38289,-26.86352,Gentoo penguin (Pygoscelis papua)
Biscoe,Yes,43.4,14.4,218,4600,FEMALE,8.23468,-26.18599,Gentoo penguin (Pygoscelis papua)
Torgersen,Yes,40.9,16.8,191,3700,FEMALE,8.47257,-26.02002,Adelie Penguin (Pygoscelis adeliae)
Dream,Yes,46,18.9,195,4150,FEMALE,8.47173,-24.29229,Chinstrap penguin (Pygoscelis antarctica)
Dream,No,58,17.8,181,3700,FEMALE,9.14382,-24.57994,Chinstrap penguin (Pygoscelis antarctica)
Biscoe,No,40.9,13.7,214,4650,FEMALE,8.19579,-25.3933,Gentoo penguin (Pygoscelis papua)
Dream,Yes,36.2,17.3,187,3300,FEMALE,8.90723,-26.30037,Adelie Penguin (Pygoscelis adeliae)
Biscoe,Yes,40.1,18.9,188,4300,MALE,8.51362,-26.55602,Adelie Penguin (Pygoscelis adeliae)
Dream,Yes,50.9,17.9,196,3675,FEMALE,9.43684,-24.16566,Chinstrap penguin (Pygoscelis antarctica)
Biscoe,Yes,52.2,17.1,228,5400,MALE,8.36701,-25.89834,Gentoo penguin (Pygoscelis papua)
Dream,Yes,47,17.3,185,3700,FEMALE,8.72037,-24.80526,Chinstrap penguin (Pygoscelis antarctica)
Torgersen,No,41.8,19.4,198,4450,MALE,8.86853,-26.06209,Adelie Penguin (Pygoscelis adeliae)
Biscoe,Yes,41.3,21.1,195,4400,MALE,8.74802,-26.37809,Adelie Penguin (Pygoscelis adeliae)
Biscoe,Yes,48.5,15,219,4850,FEMALE,8.10231,-26.18763,Gentoo penguin (Pygoscelis papua)
Biscoe,Yes,49.5,16.1,224,5650,MALE,8.83352,-25.69195,Gentoo penguin (Pygoscelis papua)
Dream,Yes,45.5,17,196,3500,FEMALE,9.36493,-24.66259,Chinstrap penguin (Pygoscelis antarctica)
Torgersen,Yes,39.7,18.4,190,3900,MALE,9.29808,-25.23453,Adelie Penguin (Pygoscelis adeliae)
Biscoe,Yes,45.8,14.6,210,4200,FEMALE,7.79958,-25.62618,Gentoo penguin (Pygoscelis papua)
Biscoe,Yes,51.5,16.3,230,5500,MALE,8.78557,-25.76147,Gentoo penguin (Pygoscelis papua)
Dream,Yes,37.3,17.8,191,3350,FEMALE,8.32718,-26.38396,Adelie Penguin (Pygoscelis adeliae)
Biscoe,Yes,54.3,15.7,231,5650,MALE,8.49662,-26.84166,Gentoo penguin (Pygoscelis papua)
Torgersen,Yes,33.5,19,190,3600,FEMALE,7.88863,-26.63085,Adelie Penguin (Pygoscelis adeliae)
Dream,No,49.5,19,200,3800,MALE,9.63074,-24.34684,Chinstrap penguin (Pygoscelis antarctica)
Biscoe,Yes,50.8,17.3,228,5600,MALE,8.27428,-26.30019,Gentoo penguin (Pygoscelis papua)
Dream,Yes,51.3,18.2,197,3750,MALE,8.63701,-24.84059,Chinstrap penguin (Pygoscelis antarctica)
Biscoe,Yes,46.9,14.6,222,4875,FEMALE,7.8881,-26.04726,Gentoo penguin (Pygoscelis papua)
Biscoe,Yes,45.3,13.8,208,4200,FEMALE,8.65015,-26.79053,Gentoo penguin (Pygoscelis papua)
Dream,Yes,42.3,21.2,191,4150,MALE,8.87988,-25.18543,Adelie Penguin (Pygoscelis adeliae)
Torgersen,Yes,36.2,16.1,187,3550,FEMALE,7.82381,-26.51382,Adelie Penguin (Pygoscelis adeliae)
Dream,Yes,37.3,16.8,192,3000,FEMALE,9.06829,-25.85203,Adelie Penguin (Pygoscelis adeliae)
Biscoe,Yes,43.2,19,197,4775,MALE,9.31735,-25.45171,Adelie Penguin (Pygoscelis adeliae)
Biscoe,Yes,48.1,15.1,209,5500,MALE,8.45738,-26.22664,Gentoo penguin (Pygoscelis papua)
Biscoe,Yes,38.6,17.2,199,3750,FEMALE,8.77322,-26.48973,Adelie Penguin (Pygoscelis adeliae)
Dream,Yes,39.6,18.8,190,4600,MALE,9.49106,-24.10255,Adelie Penguin (Pygoscelis adeliae)
Dream,Yes,52,20.7,210,4800,MALE,9.43146,-24.6844,Chinstrap penguin (Pygoscelis antarctica)
Torgersen,Yes,35.7,17,189,3350,FEMALE,8.96436,-23.90309,Adelie Penguin (Pygoscelis adeliae)
Biscoe,Yes,39.6,20.7,191,3900,FEMALE,8.80967,-26.78958,Adelie Penguin (Pygoscelis adeliae)
Biscoe,Yes,46.4,15.6,221,5000,MALE,8.35078,-26.70783,Gentoo penguin (Pygoscelis papua)
Dream,Yes,51.5,18.7,187,3250,MALE,9.6895,-24.43062,Chinstrap penguin (Pygoscelis antarctica)
Torgersen,No,43.1,19.2,197,3500,MALE,8.86495,-26.1396,Adelie Penguin (Pygoscelis adeliae)
Biscoe,Yes,40.5,17.9,187,3200,FEMALE,8.08138,-25.49448,Adelie Penguin (Pygoscelis adeliae)
Biscoe,Yes,50.8,15.7,226,5200,MALE,8.27102,-26.11244,Gentoo penguin (Pygoscelis papua)
Biscoe,Yes,35.3,18.9,187,3800,FEMALE,9.21292,-24.3613,Adelie Penguin (Pygoscelis adeliae)
Dream,Yes,32.1,15.5,188,3050,FEMALE,8.79787,-26.61075,Adelie Penguin (Pygoscelis adeliae)
Dream,Yes,50.1,17.9,190,3400,FEMALE,9.46819,-24.45721,Chinstrap penguin (Pygoscelis antarctica)
Biscoe,Yes,55.9,17,228,5600,MALE,8.3118,-26.35425,Gentoo penguin (Pygoscelis papua)
Dream,Yes,37.2,18.1,178,3900,MALE,9.72764,-25.0102,Adelie Penguin (Pygoscelis adeliae)
Biscoe,Yes,45.2,13.8,215,4750,FEMALE,8.24694,-26.65359,Gentoo penguin (Pygoscelis papua)
Biscoe,Yes,50.4,15.7,222,5750,MALE,8.30166,-26.04117,Gentoo penguin (Pygoscelis papua)
Dream,Yes,54.2,20.8,201,4300,MALE,9.49283,-24.59996,Chinstrap penguin (Pygoscelis antarctica)
Dream,Yes,34,17.1,185,3400,FEMALE,8.01485,-26.69543,Adelie Penguin (Pygoscelis adeliae)
Biscoe,Yes,40.6,18.6,183,3550,MALE,8.93997,-25.36288,Adelie Penguin (Pygoscelis adeliae)
Biscoe,Yes,46.3,15.8,215,5050,MALE,7.90971,-25.38157,Gentoo penguin (Pygoscelis papua)
Biscoe,Yes,48.2,15.6,221,5100,MALE,8.24651,-26.66958,Gentoo penguin (Pygoscelis papua)
Biscoe,Yes,45.1,14.5,215,5000,FEMALE,7.6322,-25.46569,Gentoo penguin (Pygoscelis papua)
Dream,Yes,35.7,18,202,3550,FEMALE,8.46531,-26.05621,Adelie Penguin (Pygoscelis adeliae)
Dream,Yes,51.4,19,201,3950,MALE,9.43782,-24.36202,Chinstrap penguin (Pygoscelis antarctica)
Dream,Yes,50.8,18.5,201,4450,MALE,9.45827,-24.35575,Chinstrap penguin (Pygoscelis antarctica)
Biscoe,Yes,36.5,16.6,181,2850,FEMALE,9.07878,-25.88156,Adelie Penguin (Pygoscelis adeliae)
Biscoe,Yes,45.5,14.5,212,4750,FEMALE,8.15566,-26.22848,Gentoo penguin (Pygoscelis papua)
Biscoe,No,,,,,,,,Gentoo penguin (Pygoscelis papua)
Torgersen,Yes,38.6,21.2,191,3800,MALE,,,Adelie Penguin (Pygoscelis adeliae)
Dream,Yes,52.2,18.8,197,3450,MALE,9.77528,-24.56481,Chinstrap penguin (Pygoscelis antarctica)
Dream,No,43.5,18.1,202,3400,FEMALE,9.37608,-24.40753,Chinstrap penguin (Pygoscelis antarctica)
Torgersen,Yes,41.4,18.5,202,3875,MALE,9.59462,-25.42621,Adelie Penguin (Pygoscelis adeliae)
Dream,No,46.5,17.9,192,3500,FEMALE,9.03935,-24.30229,Chinstrap penguin (Pygoscelis antarctica)
Dream,Yes,46.4,18.6,190,3450,FEMALE,9.32105,-24.64162,Chinstrap penguin (Pygoscelis antarctica)
Dream,Yes,50.2,18.7,198,3775,FEMALE,9.39305,-24.25255,Chinstrap penguin (Pygoscelis antarctica)
Biscoe,Yes,50.5,15.9,222,5550,MALE,8.46894,-26.60436,Gentoo penguin (Pygoscelis papua)
Biscoe,Yes,52.1,17,230,5550,MALE,8.27595,-26.11657,Gentoo penguin (Pygoscelis papua)
Dream,Yes,36.6,18.4,184,3475,FEMALE,8.68744,-25.8306,Adelie Penguin (Pygoscelis adeliae)
Torgersen,Yes,36.7,18.8,187,3800,FEMALE,7.88494,-26.24837,Adelie Penguin (Pygoscelis adeliae)
Biscoe,Yes,49.6,15,216,4750,MALE,8.26548,-26.7699,Gentoo penguin (Pygoscelis papua)
Dream,Yes,43.2,18.5,192,4100,MALE,8.97025,-26.03679,Adelie Penguin (Pygoscelis adeliae)
Biscoe,Yes,59.6,17,230,6050,MALE,7.76843,-25.6821,Gentoo penguin (Pygoscelis papua)
Torgersen,Yes,44.1,18,210,4000,MALE,9.10702,-26.01363,Adelie Penguin (Pygoscelis adeliae)
Torgersen,Yes,34.6,17.2,189,3200,FEMALE,7.69778,-26.5387,Adelie Penguin (Pygoscelis adeliae)
Biscoe,Yes,49.5,16.2,229,5800,MALE,8.49854,-26.74809,Gentoo penguin (Pygoscelis papua)
Biscoe,Yes,46.1,15.1,215,5100,MALE,7.83733,-25.42826,Gentoo penguin (Pygoscelis papua)
Biscoe,Yes,48.4,14.4,203,4625,FEMALE,8.16582,-26.13971,Gentoo penguin (Pygoscelis papua)
Biscoe,Yes,46.2,14.1,217,4375,FEMALE,8.30231,-25.96013,Gentoo penguin (Pygoscelis papua)
Dream,Yes,35.6,17.5,191,3175,FEMALE,8.75984,-25.97696,Adelie Penguin (Pygoscelis adeliae)
Biscoe,Yes,45.2,14.8,212,5200,FEMALE,8.24246,-26.11969,Gentoo penguin (Pygoscelis papua)
Dream,Yes,40.8,18.9,208,4300,MALE,8.48204,-26.57941,Adelie Penguin (Pygoscelis adeliae)
Biscoe,Yes,41.1,19.1,188,4100,MALE,8.71078,-25.81012,Adelie Penguin (Pygoscelis adeliae)
Biscoe,Yes,45.8,14.2,219,4700,FEMALE,8.60447,-26.61601,Gentoo penguin (Pygoscelis papua)
Dream,Yes,41.5,18.5,201,4000,MALE,8.8964,-26.06967,Adelie Penguin (Pygoscelis adeliae)
Biscoe,Yes,48.8,16.2,222,6000,MALE,8.33825,-25.88547,Gentoo penguin (Pygoscelis papua)
Torgersen,Yes,34.1,18.1,193,3475,,,,Adelie Penguin (Pygoscelis adeliae)
Dream,Yes,40.2,17.1,193,3400,FEMALE,9.2881,-25.54976,Adelie Penguin (Pygoscelis adeliae)
Dream,Yes,50.7,19.7,203,4050,MALE,9.93727,-24.59066,Chinstrap penguin (Pygoscelis antarctica)
Dream,Yes,49.8,17.3,198,3675,FEMALE,9.32169,-24.41562,Chinstrap penguin (Pygoscelis antarctica)
Biscoe,Yes,55.1,16,230,5850,MALE,8.08354,-26.18161,Gentoo penguin (Pygoscelis papua)
Biscoe,Yes,42,13.5,210,4150,FEMALE,7.63884,-25.52627,Gentoo penguin (Pygoscelis papua)
Torgersen,No,38.9,17.8,181,3625,FEMALE,9.18718,-25.21799,Adelie Penguin (Pygoscelis adeliae)
Dream,Yes,39.2,18.6,190,4250,MALE,9.11006,-25.79549,Adelie Penguin (Pygoscelis adeliae)
Biscoe,Yes,43.3,14,208,4575,FEMALE,8.4207,-26.38092,Gentoo penguin (Pygoscelis papua)
Biscoe,Yes,46.2,14.4,214,4650,,8.24253,-26.8154,Gentoo penguin (Pygoscelis papua)
Dream,No,39.8,19.1,184,4650,MALE,,,Adelie Penguin (Pygoscelis adeliae)
Biscoe,Yes,46.8,14.3,215,4850,FEMALE,8.41151,-26.13832,Gentoo penguin (Pygoscelis papua)
Biscoe,Yes,49.8,15.9,229,5950,MALE,8.29226,-26.21019,Gentoo penguin (Pygoscelis papua)
Torgersen,No,37.7,19.8,198,3500,MALE,9.11066,-26.42563,Adelie Penguin (Pygoscelis adeliae)
Dream,Yes,36.3,19.5,190,3800,MALE,8.57087,-26.22227,Adelie Penguin (Pygoscelis adeliae)
Torgersen,Yes,37.8,17.1,186,3300,,8.63243,-25.21315,Adelie Penguin (Pygoscelis adeliae)
Dream,Yes,49,19.6,212,4300,MALE,9.34089,-24.45189,Chinstrap penguin (Pygoscelis antarctica)
Dream,No,50.5,18.4,200,3400,FEMALE,8.9399,-23.89017,Chinstrap penguin (Pygoscelis antarctica)
Biscoe,Yes,41.1,18.2,192,4050,MALE,8.62264,-26.60023,Adelie Penguin (Pygoscelis adeliae)
Biscoe,Yes,37.9,18.6,193,2925,FEMALE,9.02642,-25.86482,Adelie Penguin (Pygoscelis adeliae)
Biscoe,Yes,49.1,14.5,212,4625,FEMALE,8.35802,-26.2766,Gentoo penguin (Pygoscelis papua)
Torgersen,Yes,41.1,17.6,182,3200,FEMALE,,,Adelie Penguin (Pygoscelis adeliae)
Biscoe,Yes,44.5,15.7,217,4875,.,8.04111,-26.18444,Gentoo penguin (Pygoscelis papua)
Biscoe,Yes,48.2,14.3,210,4600,FEMALE,7.6887,-25.50811,Gentoo penguin (Pygoscelis papua)
Torgersen,No,39.2,19.6,195,4675,MALE,9.4606,-24.89958,Adelie Penguin (Pygoscelis adeliae)
Dream,Yes,40.3,18.5,196,4350,MALE,8.39459,-26.01152,Adelie Penguin (Pygoscelis adeliae)
Biscoe,Yes,48.5,14.1,220,5300,MALE,8.39867,-26.79358,Gentoo penguin (Pygoscelis papua)
Dream,Yes,46.6,17.8,193,3800,FEMALE,8.95063,-24.59897,Chinstrap penguin (Pygoscelis antarctica)
Biscoe,Yes,37.8,20,190,4250,MALE,9.51929,-25.69199,Adelie Penguin (Pygoscelis adeliae)
Biscoe,Yes,38.1,17,181,3175,FEMALE,9.79532,-25.27385,Adelie Penguin (Pygoscelis adeliae)
Biscoe,Yes,45,15.4,220,5050,MALE,8.63488,-26.75621,Gentoo penguin (Pygoscelis papua)
Biscoe,Yes,38.2,20,190,3900,MALE,9.59245,-25.70711,Adelie Penguin (Pygoscelis adeliae)
Dream,Yes,41.1,19,182,3425,MALE,,,Adelie Penguin (Pygoscelis adeliae)
Biscoe,Yes,35,17.9,190,3450,FEMALE,8.19539,-26.17213,Adelie Penguin (Pygoscelis adeliae)
Dream,Yes,38.9,18.8,190,3600,FEMALE,8.36936,-26.11199,Adelie Penguin (Pygoscelis adeliae)
Biscoe,No,49,16.1,216,5550,MALE,8.10417,-25.50562,Gentoo penguin (Pygoscelis papua)
Biscoe,Yes,50.1,15,225,5000,MALE,8.50153,-26.61414,Gentoo penguin (Pygoscelis papua)
Biscoe,Yes,49.2,15.2,221,6300,MALE,8.27376,-25.00169,Gentoo penguin (Pygoscelis papua)
Biscoe,Yes,52.5,15.6,221,5450,MALE,8.28601,-26.27573,Gentoo penguin (Pygoscelis papua)
Dream,Yes,50.8,19,210,4100,MALE,9.98044,-24.68741,Chinstrap penguin (Pygoscelis antarctica)
Biscoe,Yes,47.6,14.5,215,5400,MALE,8.2345,-25.54456,Gentoo penguin (Pygoscelis papua)
Biscoe,Yes,47.5,14,212,4875,FEMALE,8.12691,-26.23613,Gentoo penguin (Pygoscelis papua)
Dream,No,43.2,16.6,187,2900,FEMALE,9.35416,-25.01185,Chinstrap penguin (Pygoscelis antarctica)
Biscoe,Yes,48.7,15.1,222,5350,MALE,7.96491,-25.39587,Gentoo penguin (Pygoscelis papua)
Biscoe,Yes,44,13.6,208,4350,FEMALE,8.01979,-26.68311,Gentoo penguin (Pygoscelis papua)
Biscoe,Yes,40.6,18.8,193,3800,MALE,8.56674,-25.98843,Adelie Penguin (Pygoscelis adeliae)
Dream,No,50.3,20,197,3300,MALE,10.02019,-24.54704,Chinstrap penguin (Pygoscelis antarctica)
Biscoe,Yes,44.5,14.7,214,4850,FEMALE,8.20106,-26.16524,Gentoo penguin (Pygoscelis papua)
Dream,No,46.9,16.6,192,2700,FEMALE,9.80589,-24.73735,Chinstrap penguin (Pygoscelis antarctica)
Biscoe,Yes,45.6,20.3,191,4600,MALE,8.65466,-26.32909,Adelie Penguin (Pygoscelis adeliae)
Biscoe,No,37.9,18.6,172,3150,FEMALE,8.38404,-25.19837,Adelie Penguin (Pygoscelis adeliae)
Torgersen,Yes,,,,,,,,Adelie Penguin (Pygoscelis adeliae)
Dream,Yes,49.2,18.2,195,4400,MALE,9.27158,-24.64335,Chinstrap penguin (Pygoscelis antarctica)
Biscoe,No,49.6,16,225,5700,MALE,8.38324,-26.84272,Gentoo penguin (Pygoscelis papua)
Biscoe,Yes,50,15.2,218,5700,MALE,8.2554,-25.40075,Gentoo penguin (Pygoscelis papua)
Dream,Yes,41.1,17.5,190,3900,MALE,8.94365,-26.06943,Adelie Penguin (Pygoscelis adeliae)
Biscoe,Yes,50.2,14.3,218,5700,MALE,7.8962,-25.37746,Gentoo penguin (Pygoscelis papua)
Dream,Yes,52.7,19.8,197,3725,MALE,9.00642,-24.61867,Chinstrap penguin (Pygoscelis antarctica)
Dream,Yes,47.5,16.8,199,3900,FEMALE,9.07825,-25.1455,Chinstrap penguin (Pygoscelis antarctica)
Biscoe,Yes,43.2,14.5,208,4450,FEMALE,8.48367,-26.86485,Gentoo penguin (Pygoscelis papua)
Dream,No,37,16.5,185,3400,FEMALE,8.61651,-26.07021,Adelie Penguin (Pygoscelis adeliae)
Dream,Yes,45.7,17.3,193,3600,FEMALE,9.415,-24.805,Chinstrap penguin (Pygoscelis antarctica)
Dream,Yes,44.1,19.7,196,4400,MALE,9.2372,-24.52698,Adelie Penguin (Pygoscelis adeliae)
Torgersen,Yes,36.7,19.3,193,3450,FEMALE,8.76651,-25.32426,Adelie Penguin (Pygoscelis adeliae)
Torgersen,Yes,37.3,20.5,199,3775,MALE,9.49645,-26.36678,Adelie Penguin (Pygoscelis adeliae)
Dream,Yes,36.5,18,182,3150,FEMALE,9.68933,-24.4228,Adelie Penguin (Pygoscelis adeliae)
Torgersen,Yes,39,17.1,191,3050,FEMALE,9.19031,-25.73722,Adelie Penguin (Pygoscelis adeliae)
Biscoe,Yes,36.4,17.1,184,2850,FEMALE,8.62623,-26.1165,Adelie Penguin (Pygoscelis adeliae)
Dream,Yes,49,19.5,210,3950,MALE,9.53262,-24.66867,Chinstrap penguin (Pygoscelis antarctica)
Biscoe,Yes,44.9,13.8,212,4750,FEMALE,8.11238,-26.20372,Gentoo penguin (Pygoscelis papua)
Dream,Yes,51,18.8,203,4100,MALE,9.23196,-24.17282,Chinstrap penguin (Pygoscelis antarctica)
Biscoe,Yes,50.4,15.3,224,5550,MALE,8.74647,-26.79846,Gentoo penguin (Pygoscelis papua)
Biscoe,Yes,44.4,17.3,219,5250,MALE,8.13746,-26.79093,Gentoo penguin (Pygoscelis papua)
Dream,Yes,36.4,17,195,3325,FEMALE,9.17847,-25.23061,Adelie Penguin (Pygoscelis adeliae)
Dream,Yes,42.2,18.5,180,3550,FEMALE,8.04787,-25.49523,Adelie Penguin (Pygoscelis adeliae)
Biscoe,Yes,37.8,18.3,174,3400,FEMALE,8.73762,-25.09383,Adelie Penguin (Pygoscelis adeliae)
Torgersen,Yes,42.9,17.6,196,4700,MALE,8.63259,-26.23027,Adelie Penguin (Pygoscelis adeliae)
